{
  "run_id": "phase1-pilotprobe-mae_seam-001",
  "task": "PA.003",
  "encoder": "jepa",
  "backend": "index",
  "n_train": 21600,
  "n_eval": 32400,
  "metric_M_bucket": "q1_bottom",
  "predictions_file": "predictions.jsonl",
  "metrics": {
    "overall": {
      "accuracy": 0.5966666666666667,
      "ci_low": 0.5912654320987655,
      "ci_high": 0.6021921296296296,
      "n": 32400
    },
    "metric_M": {
      "accuracy": 0.5318518518518518,
      "ci_low": 0.5208641975308642,
      "ci_high": 0.5423456790123456,
      "n": 8100
    },
    "by_bucket": {
      "q1_bottom": {
        "accuracy": 0.5318518518518518,
        "ci_low": 0.5208641975308642,
        "ci_high": 0.5423456790123456,
        "n": 8100
      },
      "q2": {
        "accuracy": 0.5187654320987655,
        "ci_low": 0.5075308641975309,
        "ci_high": 0.5298827160493826,
        "n": 8100
      },
      "q3": {
        "accuracy": 0.5817283950617284,
        "ci_low": 0.570861111111111,
        "ci_high": 0.5924691358024692,
        "n": 8100
      },
      "q4_top": {
        "accuracy": 0.754320987654321,
        "ci_low": 0.7453086419753087,
        "ci_high": 0.7634598765432099,
        "n": 8100
      }
    },
    "by_seam_source": {
      "diff": {
        "accuracy": 0.7238888888888889,
        "ci_low": 0.7154416666666666,
        "ci_high": 0.7328888888888889,
        "n": 9000
      },
      "glyph": {
        "accuracy": 0.5002898550724638,
        "ci_low": 0.49371859903381643,
        "ci_high": 0.5066183574879227,
        "n": 20700
      },
      "none": {
        "accuracy": 0.9114814814814814,
        "ci_low": 0.9003703703703704,
        "ci_high": 0.9218518518518518,
        "n": 2700
      }
    },
    "by_font": {
      "nirmala": {
        "accuracy": 0.5966666666666667,
        "ci_low": 0.591358024691358,
        "ci_high": 0.6022530864197531,
        "n": 32400
      }
    }
  }
}