{
  "run_id": "phase1-pilotBprobe-block-001",
  "task": "PA.003",
  "encoder": "jepa",
  "backend": "index",
  "n_train": 21600,
  "n_eval": 32400,
  "metric_M_bucket": "q1_bottom",
  "predictions_file": "predictions.jsonl",
  "metrics": {
    "overall": {
      "accuracy": 0.3487654320987654,
      "ci_low": 0.34388811728395063,
      "ci_high": 0.35410493827160494,
      "n": 32400
    },
    "metric_M": {
      "accuracy": 0.3348148148148148,
      "ci_low": 0.3245679012345679,
      "ci_high": 0.34481790123456785,
      "n": 8100
    },
    "by_bucket": {
      "q1_bottom": {
        "accuracy": 0.3348148148148148,
        "ci_low": 0.3245679012345679,
        "ci_high": 0.34481790123456785,
        "n": 8100
      },
      "q2": {
        "accuracy": 0.2814814814814815,
        "ci_low": 0.2722222222222222,
        "ci_high": 0.2914814814814815,
        "n": 8100
      },
      "q3": {
        "accuracy": 0.3254320987654321,
        "ci_low": 0.31555555555555553,
        "ci_high": 0.3354320987654321,
        "n": 8100
      },
      "q4_top": {
        "accuracy": 0.4533333333333333,
        "ci_low": 0.44234567901234567,
        "ci_high": 0.464320987654321,
        "n": 8100
      }
    },
    "by_seam_source": {
      "diff": {
        "accuracy": 0.5178888888888888,
        "ci_low": 0.5076638888888889,
        "ci_high": 0.529,
        "n": 9000
      },
      "glyph": {
        "accuracy": 0.24222222222222223,
        "ci_low": 0.23652053140096618,
        "ci_high": 0.24830917874396136,
        "n": 20700
      },
      "none": {
        "accuracy": 0.6018518518518519,
        "ci_low": 0.5825925925925926,
        "ci_high": 0.62,
        "n": 2700
      }
    },
    "by_font": {
      "nirmala": {
        "accuracy": 0.3487654320987654,
        "ci_low": 0.34358024691358025,
        "ci_high": 0.3538271604938272,
        "n": 32400
      }
    }
  }
}