{
  "run_id": "phase1-pilotCprobe-seam-001",
  "task": "PA.003",
  "encoder": "jepa",
  "backend": "index",
  "n_train": 21600,
  "n_eval": 32400,
  "metric_M_bucket": "q1_bottom",
  "predictions_file": "predictions.jsonl",
  "metrics": {
    "overall": {
      "accuracy": 0.25006172839506174,
      "ci_low": 0.24540046296296295,
      "ci_high": 0.2547229938271605,
      "n": 32400
    },
    "metric_M": {
      "accuracy": 0.21246913580246912,
      "ci_low": 0.20358024691358026,
      "ci_high": 0.22148456790123455,
      "n": 8100
    },
    "by_bucket": {
      "q1_bottom": {
        "accuracy": 0.21246913580246912,
        "ci_low": 0.20358024691358026,
        "ci_high": 0.22148456790123455,
        "n": 8100
      },
      "q2": {
        "accuracy": 0.2102469135802469,
        "ci_low": 0.20135802469135802,
        "ci_high": 0.2185216049382716,
        "n": 8100
      },
      "q3": {
        "accuracy": 0.2132098765432099,
        "ci_low": 0.204320987654321,
        "ci_high": 0.2222222222222222,
        "n": 8100
      },
      "q4_top": {
        "accuracy": 0.36432098765432097,
        "ci_low": 0.354070987654321,
        "ci_high": 0.3748179012345679,
        "n": 8100
      }
    },
    "by_seam_source": {
      "diff": {
        "accuracy": 0.41233333333333333,
        "ci_low": 0.40244444444444444,
        "ci_high": 0.42188888888888887,
        "n": 9000
      },
      "glyph": {
        "accuracy": 0.14869565217391303,
        "ci_low": 0.14352536231884058,
        "ci_high": 0.15367149758454107,
        "n": 20700
      },
      "none": {
        "accuracy": 0.4862962962962963,
        "ci_low": 0.46703703703703703,
        "ci_high": 0.5051944444444444,
        "n": 2700
      }
    },
    "by_font": {
      "nirmala": {
        "accuracy": 0.25006172839506174,
        "ci_low": 0.24540123456790122,
        "ci_high": 0.2547237654320988,
        "n": 32400
      }
    }
  }
}