{
  "run_id": "pa003b-probe-aug-001",
  "task": "PA.003",
  "encoder": "pixel32",
  "backend": "index",
  "n_train": 21600,
  "n_eval": 32400,
  "metric_M_bucket": "q1_bottom",
  "predictions_file": "predictions.jsonl",
  "metrics": {
    "overall": {
      "accuracy": 0.4318518518518519,
      "ci_low": 0.4264197530864198,
      "ci_high": 0.43722222222222223,
      "n": 32400
    },
    "metric_M": {
      "accuracy": 0.35876543209876544,
      "ci_low": 0.3485185185185185,
      "ci_high": 0.3688888888888889,
      "n": 8100
    },
    "by_bucket": {
      "q1_bottom": {
        "accuracy": 0.35876543209876544,
        "ci_low": 0.3485185185185185,
        "ci_high": 0.3688888888888889,
        "n": 8100
      },
      "q2": {
        "accuracy": 0.37493827160493826,
        "ci_low": 0.36419753086419754,
        "ci_high": 0.38506172839506175,
        "n": 8100
      },
      "q3": {
        "accuracy": 0.43987654320987657,
        "ci_low": 0.42962654320987653,
        "ci_high": 0.45025,
        "n": 8100
      },
      "q4_top": {
        "accuracy": 0.5538271604938272,
        "ci_low": 0.542716049382716,
        "ci_high": 0.5644444444444444,
        "n": 8100
      }
    },
    "by_seam_source": {
      "diff": {
        "accuracy": 0.5234444444444445,
        "ci_low": 0.5131111111111111,
        "ci_high": 0.5341111111111111,
        "n": 9000
      },
      "glyph": {
        "accuracy": 0.3503864734299517,
        "ci_low": 0.34391183574879225,
        "ci_high": 0.35686111111111113,
        "n": 20700
      },
      "none": {
        "accuracy": 0.7511111111111111,
        "ci_low": 0.7348148148148148,
        "ci_high": 0.7666666666666667,
        "n": 2700
      }
    },
    "by_font": {
      "nirmala": {
        "accuracy": 0.4318518518518519,
        "ci_low": 0.42660185185185184,
        "ci_high": 0.43768595679012345,
        "n": 32400
      }
    }
  }
}