{
  "run_id": "phase1-pilotprobe-block_jepa-001",
  "task": "PA.003",
  "encoder": "jepa",
  "backend": "index",
  "n_train": 21600,
  "n_eval": 32400,
  "metric_M_bucket": "q1_bottom",
  "predictions_file": "predictions.jsonl",
  "metrics": {
    "overall": {
      "accuracy": 0.32549382716049385,
      "ci_low": 0.32055246913580243,
      "ci_high": 0.33052623456790126,
      "n": 32400
    },
    "metric_M": {
      "accuracy": 0.32580246913580246,
      "ci_low": 0.31604629629629627,
      "ci_high": 0.33641975308641975,
      "n": 8100
    },
    "by_bucket": {
      "q1_bottom": {
        "accuracy": 0.32580246913580246,
        "ci_low": 0.31604629629629627,
        "ci_high": 0.33641975308641975,
        "n": 8100
      },
      "q2": {
        "accuracy": 0.26271604938271603,
        "ci_low": 0.25320679012345676,
        "ci_high": 0.27185185185185184,
        "n": 8100
      },
      "q3": {
        "accuracy": 0.3011111111111111,
        "ci_low": 0.29074074074074074,
        "ci_high": 0.3109876543209876,
        "n": 8100
      },
      "q4_top": {
        "accuracy": 0.4123456790123457,
        "ci_low": 0.4012345679012346,
        "ci_high": 0.4230864197530864,
        "n": 8100
      }
    },
    "by_seam_source": {
      "diff": {
        "accuracy": 0.3883333333333333,
        "ci_low": 0.37855277777777774,
        "ci_high": 0.39844444444444443,
        "n": 9000
      },
      "glyph": {
        "accuracy": 0.2584541062801932,
        "ci_low": 0.2524142512077295,
        "ci_high": 0.26415458937198066,
        "n": 20700
      },
      "none": {
        "accuracy": 0.63,
        "ci_low": 0.6111111111111112,
        "ci_high": 0.6485185185185185,
        "n": 2700
      }
    },
    "by_font": {
      "nirmala": {
        "accuracy": 0.32549382716049385,
        "ci_low": 0.32033796296296296,
        "ci_high": 0.3307407407407407,
        "n": 32400
      }
    }
  }
}