{
  "run_id": "phase1-pilotBprobe-seam-001",
  "task": "PA.003",
  "encoder": "jepa",
  "backend": "index",
  "n_train": 21600,
  "n_eval": 32400,
  "metric_M_bucket": "q1_bottom",
  "predictions_file": "predictions.jsonl",
  "metrics": {
    "overall": {
      "accuracy": 0.3144753086419753,
      "ci_low": 0.30944444444444447,
      "ci_high": 0.3194452160493827,
      "n": 32400
    },
    "metric_M": {
      "accuracy": 0.2903703703703704,
      "ci_low": 0.28,
      "ci_high": 0.3003765432098765,
      "n": 8100
    },
    "by_bucket": {
      "q1_bottom": {
        "accuracy": 0.2903703703703704,
        "ci_low": 0.28,
        "ci_high": 0.3003765432098765,
        "n": 8100
      },
      "q2": {
        "accuracy": 0.2428395061728395,
        "ci_low": 0.23333333333333334,
        "ci_high": 0.251608024691358,
        "n": 8100
      },
      "q3": {
        "accuracy": 0.2750617283950617,
        "ci_low": 0.26493518518518516,
        "ci_high": 0.28457098765432093,
        "n": 8100
      },
      "q4_top": {
        "accuracy": 0.44962962962962966,
        "ci_low": 0.43839506172839504,
        "ci_high": 0.4603734567901234,
        "n": 8100
      }
    },
    "by_seam_source": {
      "diff": {
        "accuracy": 0.4852222222222222,
        "ci_low": 0.4747777777777778,
        "ci_high": 0.496,
        "n": 9000
      },
      "glyph": {
        "accuracy": 0.21048309178743962,
        "ci_low": 0.2051207729468599,
        "ci_high": 0.21647463768115943,
        "n": 20700
      },
      "none": {
        "accuracy": 0.5425925925925926,
        "ci_low": 0.522962962962963,
        "ci_high": 0.5603703703703704,
        "n": 2700
      }
    },
    "by_font": {
      "nirmala": {
        "accuracy": 0.3144753086419753,
        "ci_low": 0.3096898148148148,
        "ci_high": 0.31938271604938273,
        "n": 32400
      }
    }
  }
}