{
  "run_id": "phase1-pilotprobe-seam_jepa-001",
  "task": "PA.003",
  "encoder": "jepa",
  "backend": "index",
  "n_train": 21600,
  "n_eval": 32400,
  "metric_M_bucket": "q1_bottom",
  "predictions_file": "predictions.jsonl",
  "metrics": {
    "overall": {
      "accuracy": 0.23719135802469135,
      "ci_low": 0.23253086419753086,
      "ci_high": 0.24194444444444443,
      "n": 32400
    },
    "metric_M": {
      "accuracy": 0.23876543209876544,
      "ci_low": 0.22962962962962963,
      "ci_high": 0.24839506172839507,
      "n": 8100
    },
    "by_bucket": {
      "q1_bottom": {
        "accuracy": 0.23876543209876544,
        "ci_low": 0.22962962962962963,
        "ci_high": 0.24839506172839507,
        "n": 8100
      },
      "q2": {
        "accuracy": 0.19123456790123458,
        "ci_low": 0.18308333333333335,
        "ci_high": 0.2000030864197531,
        "n": 8100
      },
      "q3": {
        "accuracy": 0.2028395061728395,
        "ci_low": 0.1945679012345679,
        "ci_high": 0.21135802469135803,
        "n": 8100
      },
      "q4_top": {
        "accuracy": 0.31592592592592594,
        "ci_low": 0.3055555555555556,
        "ci_high": 0.3260493827160494,
        "n": 8100
      }
    },
    "by_seam_source": {
      "diff": {
        "accuracy": 0.33144444444444443,
        "ci_low": 0.3217777777777778,
        "ci_high": 0.3412222222222222,
        "n": 9000
      },
      "glyph": {
        "accuracy": 0.17115942028985506,
        "ci_low": 0.16603864734299517,
        "ci_high": 0.17628019323671498,
        "n": 20700
      },
      "none": {
        "accuracy": 0.4292592592592593,
        "ci_low": 0.4118425925925926,
        "ci_high": 0.4477777777777778,
        "n": 2700
      }
    },
    "by_font": {
      "nirmala": {
        "accuracy": 0.23719135802469135,
        "ci_low": 0.23253086419753086,
        "ci_high": 0.24172839506172838,
        "n": 32400
      }
    }
  }
}