{
  "run_id": "pa003-probe-001",
  "task": "PA.003",
  "encoder": "pixel32",
  "n_train": 216,
  "n_eval": 216,
  "metric_M_bucket": "q1_bottom",
  "metrics": {
    "overall": {
      "accuracy": 0.4027777777777778,
      "ci_low": 0.33796296296296297,
      "ci_high": 0.4722222222222222,
      "n": 216
    },
    "metric_M": {
      "accuracy": 0.3333333333333333,
      "ci_low": 0.2222222222222222,
      "ci_high": 0.46296296296296297,
      "n": 54
    },
    "by_bucket": {
      "q1_bottom": {
        "accuracy": 0.3333333333333333,
        "ci_low": 0.2222222222222222,
        "ci_high": 0.46296296296296297,
        "n": 54
      },
      "q2": {
        "accuracy": 0.24074074074074073,
        "ci_low": 0.12962962962962962,
        "ci_high": 0.35185185185185186,
        "n": 54
      },
      "q3": {
        "accuracy": 0.3888888888888889,
        "ci_low": 0.25925925925925924,
        "ci_high": 0.5185185185185185,
        "n": 54
      },
      "q4_top": {
        "accuracy": 0.6481481481481481,
        "ci_low": 0.5185185185185185,
        "ci_high": 0.7777777777777778,
        "n": 54
      }
    },
    "by_seam_source": {
      "diff": {
        "accuracy": 0.42105263157894735,
        "ci_low": 0.2982456140350877,
        "ci_high": 0.543859649122807,
        "n": 57
      },
      "glyph": {
        "accuracy": 0.3475177304964539,
        "ci_low": 0.2695035460992908,
        "ci_high": 0.425531914893617,
        "n": 141
      },
      "none": {
        "accuracy": 0.7777777777777778,
        "ci_low": 0.5555555555555556,
        "ci_high": 0.9444444444444444,
        "n": 18
      }
    },
    "by_font": {
      "nirmala": {
        "accuracy": 0.4117647058823529,
        "ci_low": 0.31932773109243695,
        "ci_high": 0.5042016806722689,
        "n": 119
      },
      "noto": {
        "accuracy": 0.3917525773195876,
        "ci_low": 0.29896907216494845,
        "ci_high": 0.4948453608247423,
        "n": 97
      }
    }
  }
}